Sector_cultural,Año,Años_trayectoria,Mes,Municipio,Longitud,Latitud,Provincia,id_agrupacion,estado_validacion
Teatro,2021,3,6,Chivatá,-73.282529,5.558949,Centro,6abe4440-22f6-4123-a450-f4c0a4fdd844,Inactivo
Danza,2021,16,6,Monguí,-72.849292,5.723486,Sugamuxi,ad69c019-3679-4ed3-88b1-e65850f29d34,Inactivo
Música,2021,12,6,Aquitania,-72.88399,5.518602,Sugamuxi,d32107aa-9d2b-42a3-8d68-2933da90ed73,Inactivo
Teatro,2021,5,7,Duitama,-73.03063,5.822964,Tundama,ef595651-5c0d-466c-8e78-bbb152462dc6,Inactivo
Danza,2021,13,7,Tunja,-73.355539,5.53988,Centro,2892beaa-9cbb-42b0-892c-840ff9bf7ef2,Inactivo
Música,2021,25,7,Duitama,-73.03063,5.822964,Tundama,0cb7226c-9653-4bce-9d2e-2444db0d186a,Inactivo
Música,2021,2,7,Cucaita,-73.454338,5.544452,Centro,3aa04697-a9cc-4099-b53e-8ea37299fcdf,Inactivo
Música,2021,19,7,Duitama,-73.03063,5.822964,Tundama,013e3707-1d69-4fb1-8dec-0ac968286937,Inactivo
Teatro,2021,11,7,Villa De Leyva,-73.524948,5.632455,Ricaurte,c3366e29-bb43-41bf-8659-b5805717ee0f,Inactivo
Teatro,2021,9,7,Tunja,-73.355539,5.53988,Centro,6795c45b-ca50-45eb-9968-4c04c6bc4479,Inactivo
Música,2021,12,7,Duitama,-73.03063,5.822964,Tundama,3a9415d3-62fa-4474-a4a2-69c2a987b6cc,Inactivo
Artes Plásticas,2021,6,7,Paipa,-73.11782,5.779894,Tundama,d780cb4d-228d-439c-8ad9-7d19fc828717,Inactivo
Danza,2021,6,7,Sotaquirá,-73.246585,5.764986,Centro,c8665e5c-1354-4973-8dbb-c9c8dfe2bf66,Inactivo
Música,2021,27,7,Duitama,-73.03063,5.822964,Tundama,95ca74ab-2871-44f8-8862-67dd38835b03,Inactivo
Música,2021,23,7,Sogamoso,-72.924355,5.723976,Sugamuxi,c0f1aa11-aa96-4dd0-9953-aafe54767d9b,Inactivo
Danza,2021,9,7,Duitama,-73.03063,5.822964,Tundama,cfed6413-9544-47d7-acab-c674962038e3,Inactivo
Música,2021,12,7,Tunja,-73.355539,5.53988,Centro,cd2c2062-2b75-45a8-9f02-42c27e7b7a25,Inactivo
Música,2021,4,7,Monguí,-72.849292,5.723486,Sugamuxi,8ca3c0ec-7389-45a1-a801-e9845d51f166,Inactivo
Música,2021,7,7,Tunja,-73.355539,5.53988,Centro,d8b6fb55-543e-407d-a78b-d5938cb08d2d,Inactivo
Artes Plásticas,2021,1,7,Tunja,-73.355539,5.53988,Centro,5a3b2b5f-6949-495c-9138-750db06b2d44,Inactivo
Teatro,2021,18,7,Tunja,-73.355539,5.53988,Centro,4813f34f-dea7-439d-b7d2-9531112f902d,Inactivo
Teatro,2021,3,7,Tunja,-73.355539,5.53988,Centro,8e25d713-30e5-4a2b-b1a9-2d55bfcddf74,Inactivo
Música,2021,5,7,Tunja,-73.355539,5.53988,Centro,03b70a19-2ae2-476d-8666-f0db5b537462,Inactivo
Literatura,2021,1,7,Campohermoso,-73.104173,5.031676,Lengupá,a1142c83-7840-4410-82cc-4c9d54dc5732,Inactivo
Danza,2021,16,8,Tuta,-73.230285,5.689082,Centro,acaefa64-e9b6-4a26-9bd9-ae438e5dac88,Inactivo
Cinematográfia y Medios Audiovisuales,2021,2,8,Tunja,-73.355539,5.53988,Centro,14cab9b8-2eb1-47ac-a02f-74757cccabfc,Inactivo
Teatro,2021,12,8,Tunja,-73.355539,5.53988,Centro,c8a4a442-89ef-47f9-b039-fcd22c986600,Inactivo
Música,2021,13,8,Duitama,-73.03063,5.822964,Tundama,36461aa7-69cf-47b9-9988-aa4fc552348a,Inactivo
Artes Plásticas,2021,3,8,Garagoa,-73.364413,5.083234,Neira,a8ff5e8b-1ef0-4e52-90c6-19946357f14d,Inactivo
Danza,2021,35,8,Sativanorte,-72.708458,6.131132,Norte,60c584b7-84aa-4f1c-a4fe-73366598978f,Inactivo
Danza,2021,3,8,Paipa,-73.11782,5.779894,Tundama,9bee6d4a-ee4d-451d-9815-f8425892b08e,Inactivo
Danza,2021,1.5,8,Paipa,-73.11782,5.779894,Tundama,11040efd-cba8-40fa-9c9b-89d7a8d37ff9,Inactivo
Música,2021,4,8,Duitama,-73.03063,5.822964,Tundama,2a02d19e-7049-4245-aaca-07f70983e181,Inactivo
Música,2021,10,8,Duitama,-73.03063,5.822964,Tundama,ca4e2f2f-3e2a-4c2a-8c1b-bbafaf74db5c,Inactivo
Cinematográfia y Medios Audiovisuales,2021,5,8,Sogamoso,-72.924355,5.723976,Sugamuxi,7faec239-ea6f-4562-8638-228ab6f04b39,Inactivo
Teatro,2021,3.25,8,Tunja,-73.355539,5.53988,Centro,6529c473-003a-4d47-b711-487216e498fb,Inactivo
Danza,2021,5,8,Paipa,-73.11782,5.779894,Tundama,239eac23-c331-452c-a440-a6e4fb1c8f76,Inactivo
Artes Plásticas,2021,5,8,Boyacá,-73.361945,5.454578,Márquez,9f9572f3-46f6-48b2-899b-68ac85ef9607,Inactivo
Danza,2021,9,8,Soatá,-72.684051,6.331945,Norte,d839137c-8aa3-4cd5-84c4-3a440201b5d8,Inactivo
Danza,2021,9,8,Soatá,-72.684051,6.331945,Norte,3b030817-8b2f-406d-9044-3105f0997656,Inactivo
Música,2021,15,8,Duitama,-73.03063,5.822964,Tundama,22b1855d-303a-4368-9393-abfc10ba6596,Inactivo
Danza,2021,16,8,Tunja,-73.355539,5.53988,Centro,afcd7429-da71-478d-b4ed-0611fab15c3f,Inactivo
Teatro,2021,11,8,Sogamoso,-72.924355,5.723976,Sugamuxi,047404ed-58da-467c-a176-d5e29f654d53,Inactivo
Danza,2021,3,8,Duitama,-73.03063,5.822964,Tundama,46b3b2ee-394f-43bf-982d-751f8ad58cc9,Inactivo
Teatro,2021,11,8,Tunja,-73.355539,5.53988,Centro,e751b2a0-488b-4b3c-a366-78fb6932c0f0,Inactivo
Danza,2021,2,8,Duitama,-73.03063,5.822964,Tundama,b84158ca-c839-4366-b69d-92f8c3a2fe75,Inactivo
Otro,2021,7,8,Sogamoso,-72.924355,5.723976,Sugamuxi,c7a9769d-19af-427a-a27b-5079916fc5a1,Inactivo
Música,2021,10,8,Sogamoso,-72.924355,5.723976,Sugamuxi,210176f5-39ec-4a6a-a1b7-8a9a3bc114ba,Inactivo
Música,2021,9,8,San Eduardo,-73.077747,5.22401,Lengupá,c9ba70ea-22b4-49b2-a78a-fec2128d53fe,Inactivo
Teatro,2021,6,8,Miraflores,-73.14563,5.196515,Lengupá,d65ea8a9-1f5f-4346-b346-55929604b573,Inactivo
Música,2021,10,8,Sogamoso,-72.924355,5.723976,Sugamuxi,a2198bc9-eb77-46b4-b9da-a1c22bf5b1fe,Inactivo
Danza,2021,4,8,Monguí,-72.849292,5.723486,Sugamuxi,dfb68046-99b4-44fd-951c-0f03a7b73729,Inactivo
Teatro,2021,4,8,Duitama,-73.03063,5.822964,Tundama,58afd965-40a2-4531-b8fc-41cd873b17f7,Inactivo
Música,2021,10,8,Duitama,-73.03063,5.822964,Tundama,33fe4a0a-5fd7-45a2-9c90-392afdce9431,Inactivo
Otro,2021,2,8,Sogamoso,-72.924355,5.723976,Sugamuxi,637bfd6c-7772-4c63-9518-87902c9f29c0,Inactivo
Música,2021,10,8,Duitama,-73.03063,5.822964,Tundama,6b1fd8b4-4f01-4fad-a5b2-aefb3305189b,Inactivo
Danza,2021,15,8,Duitama,-73.03063,5.822964,Tundama,5cfa96fa-8230-4133-a49e-daf224b82602,Inactivo
Teatro,2021,5,8,Duitama,-73.03063,5.822964,Tundama,7a578696-8a79-43d5-beb1-54627054041e,Inactivo
Artes Plásticas,2021,5,8,Tibasosa,-72.999449,5.74723,Sugamuxi,b9fe7705-dc45-47b3-b20a-e74789ba31b2,Inactivo
Literatura,2021,33,8,Sogamoso,-72.924355,5.723976,Sugamuxi,70085add-4e36-40e6-81e0-e17f6304d3ce,Inactivo
Teatro,2021,4,8,Duitama,-73.03063,5.822964,Tundama,e521eaac-8bb2-4c57-87f7-af4bc1902612,Inactivo
Música,2021,12,8,Tuta,-73.230285,5.689082,Centro,ebd27d2a-7b3e-467b-9f34-766313d65063,Inactivo
Música,2021,25,8,Paipa,-73.11782,5.779894,Tundama,87a03464-9700-40e7-b100-963980a26dbc,Inactivo
Música,2021,21,8,Tunja,-73.355539,5.53988,Centro,c732268a-5aad-4462-bfe8-4dc1b4311d01,Inactivo
Artes Plásticas,2021,15,8,Duitama,-73.03063,5.822964,Tundama,49a25960-7ec7-45f6-9c77-539010a2dab5,Inactivo
Danza,2021,2,8,Duitama,-73.03063,5.822964,Tundama,7c382156-627d-405d-9b2a-f431238ab7ea,Inactivo
Música,2021,12,8,Tuta,-73.230285,5.689082,Centro,cf2830c8-82a0-498d-b236-85246f201b34,Inactivo
Danza,2021,5,8,Sogamoso,-72.924355,5.723976,Sugamuxi,00302e34-f0b2-4e31-bc04-466686d97b79,Inactivo
Artes Plásticas,2021,3,8,Paipa,-73.11782,5.779894,Tundama,b25db1bd-9c5b-4a43-a47e-1796edd41db3,Inactivo
Danza,2021,5,8,Sogamoso,-72.924355,5.723976,Sugamuxi,bc0e7103-0e26-4c3a-ae2d-fc43c98ce50e,Inactivo
Artes Plásticas,2021,3,8,Paipa,-73.11782,5.779894,Tundama,a2711c3a-02fb-44c6-8a51-3bb8bc6046e2,Inactivo
Literatura,2021,12,8,Tunja,-73.355539,5.53988,Centro,0fe971c1-3bd1-4549-8479-726d4771de03,Inactivo
Literatura,2021,12,8,Tunja,-73.355539,5.53988,Centro,a890c664-c87f-4ff6-bb6a-36f24bb271c3,Inactivo
Artes Plásticas,2021,3,8,Paipa,-73.11782,5.779894,Tundama,bcca2ef7-4c91-4440-9f79-0af71db578f2,Inactivo
Música,2021,5,8,Sogamoso,-72.924355,5.723976,Sugamuxi,4d826a22-0a04-4e97-aca4-c81bbb6dc43c,Inactivo
Artes Plásticas,2021,7,8,Chiquinquirá,-73.818745,5.61379,Occidente,594cf4ea-8c4c-4da6-9283-851017fbab73,Inactivo
Música,2021,8,8,Duitama,-73.03063,5.822964,Tundama,c68ceffa-119e-4cd1-ab65-e1f21e692571,Inactivo
Música,2021,9,8,San Eduardo,-73.077747,5.22401,Lengupá,06fe96de-42e4-4b90-bafb-2da6bfc109eb,Inactivo
Música,2021,9,8,San Eduardo,-73.077747,5.22401,Lengupá,418362f0-632a-48fc-849f-93c8e71cea44,Inactivo
Música,2021,5,8,Boyacá,-73.361945,5.454578,Márquez,0cae8953-0f3c-43eb-a252-b3607932ad1b,Inactivo
Otro,2021,0.5,8,Boyacá,-73.361945,5.454578,Márquez,3f57daba-68c5-4c83-baa7-c4e537046206,Inactivo
Música,2021,2,8,Boyacá,-73.361945,5.454578,Márquez,ea56ed62-ba0c-43e2-a846-161852073e16,Inactivo
Artes Plásticas,2021,7,8,Boyacá,-73.361945,5.454578,Márquez,52c04f9d-43fd-4c5a-aa5c-cb91fd42d947,Inactivo
Música,2021,3,8,Boyacá,-73.361945,5.454578,Márquez,4cfdbb9e-d673-4ef2-9ad1-f505d3f4de8c,Inactivo
Danza,2021,7,8,Sogamoso,-72.924355,5.723976,Sugamuxi,503796e5-ba8c-41dd-b8b8-9ed889cdff56,Inactivo
Música,2021,4,9,Tunja,-73.355539,5.53988,Centro,558c7032-da1c-4c11-a43f-1e7769fc4f03,Inactivo
Música,2021,30,9,Tunja,-73.355539,5.53988,Centro,f339a46f-122a-4f2c-a116-a13b3af14f5d,Inactivo
Música,2021,5,9,Tunja,-73.355539,5.53988,Centro,17a20547-2c5e-44eb-acb3-e7c7b301b77e,Inactivo
Música,2021,10,9,Sogamoso,-72.924355,5.723976,Sugamuxi,4d0894f5-ac14-4bc5-94b0-be037b0443d7,Inactivo
Música,2021,10,9,Sogamoso,-72.924355,5.723976,Sugamuxi,e942385e-4c03-40c2-aab0-277aeb717f17,Inactivo
Música,2021,4,9,Boyacá,-73.361945,5.454578,Márquez,a56c8838-b304-475f-88b8-09d12b1093e0,Inactivo
Música,2021,1,9,Tunja,-73.355539,5.53988,Centro,93ffd98f-34f8-4cc7-8cb2-56d1645602ed,Inactivo
Teatro,2021,18,9,Tunja,-73.355539,5.53988,Centro,8784684d-e7ee-4804-bafe-8072d6e6b8a7,Inactivo
Música,2021,10,9,Sogamoso,-72.924355,5.723976,Sugamuxi,e0858882-2a10-43a6-aca6-ae55bdd364ee,Inactivo
Música,2021,5,9,Tunja,-73.355539,5.53988,Centro,0ef571ad-3aee-41b9-be75-512e4a290297,Inactivo
Música,2021,6,9,Paipa,-73.11782,5.779894,Tundama,ebb53775-0007-4517-83e4-100345eb5231,Inactivo
Cinematográfia y Medios Audiovisuales,2021,7,9,Santa Rosa De Viterbo,-72.982461,5.874547,Tundama,259fffd4-31f5-4663-beb5-a854190891c2,Inactivo
Música,2021,30,9,Chiquinquirá,-73.818745,5.61379,Occidente,64d21e25-2f00-4834-a759-a99ec3e4999f,Inactivo
Danza,2021,12,9,Nobsa,-72.937042,5.768046,Sugamuxi,93a85f8e-280f-411f-bc0b-cc68d6cddf54,Inactivo
Música,2021,11,9,San Miguel De Sema,-73.722009,5.518083,Occidente,4955129d-07c9-453a-bd51-6d5737d4a03d,Inactivo
Teatro,2021,7,9,Duitama,-73.03063,5.822964,Tundama,19a705ec-7ba1-403b-acdf-a0bd7ab9197d,Inactivo
Música,2021,15,9,Tunja,-73.355539,5.53988,Centro,412cf403-cb22-4261-ab2e-c2ed1d15866d,Inactivo
Música,2021,15,9,Tunja,-73.355539,5.53988,Centro,e7da11f0-9e7d-4d4c-9471-175a09e3fc3a,Inactivo
Música,2021,8,9,Tunja,-73.355539,5.53988,Centro,2e29d249-804d-45ba-999d-79ecf49187a0,Inactivo
Teatro,2021,6,9,Chiquinquirá,-73.818745,5.61379,Occidente,5c1c4912-8f9a-41a6-84c0-e65a25eed410,Inactivo
Música,2021,8,9,Ráquira,-73.632543,5.539136,Ricaurte,1403688c-2836-457d-a1f2-06a4b2ff1046,Inactivo
Música,2021,9,9,Duitama,-73.03063,5.822964,Tundama,ca1b7f2c-6c11-415b-af19-038f3bafb1dc,Inactivo
Música,2021,1.5,9,Sogamoso,-72.924355,5.723976,Sugamuxi,8c8c06b3-d0b3-485d-a67b-5cabecb8faa9,Inactivo
Música,2021,5,9,Guateque,-73.471207,5.007321,Oriente,941bc5e7-6205-4f5b-833f-2d5a2a8b6b1c,Inactivo
Danza,2021,3,9,Duitama,-73.03063,5.822964,Tundama,a2576bfc-dd27-4357-a92b-abfbc3b11f68,Inactivo
Música,2021,43,9,Duitama,-73.03063,5.822964,Tundama,97b23414-8864-475b-9258-17ce0306ad0d,Inactivo
Música,2021,8,9,Duitama,-73.03063,5.822964,Tundama,4a90ce04-c153-4a80-b0fc-88663e534f89,Inactivo
Teatro,2021,9,9,Duitama,-73.03063,5.822964,Tundama,7f8e4077-04a6-47c3-8f15-ad32c4888aa0,Inactivo
Música,2021,13,9,Tibasosa,-72.999449,5.74723,Sugamuxi,c5d73a24-ff59-4cab-b42d-4b8370f6d02e,Inactivo
Música,2021,6,9,Tunja,-73.355539,5.53988,Centro,0ebbec15-961a-40f4-9bed-2890965b2e74,Inactivo
Música,2021,7,9,Tunja,-73.355539,5.53988,Centro,3daa561d-f33f-44e2-a583-4599443cb787,Inactivo
Danza,2021,5,9,Togüí,-73.513655,5.937438,Ricaurte,38285f31-64c5-4f35-ae71-4e20ed058106,Inactivo
Música,2021,20,9,Sogamoso,-72.924355,5.723976,Sugamuxi,41fef78d-dfcf-417b-a252-0625eb2b2723,Inactivo
Música,2021,18,9,Tunja,-73.355539,5.53988,Centro,77cc814c-2273-495f-aa78-7ef4941bffb9,Inactivo
Teatro,2021,3,9,Boyacá,-73.361945,5.454578,Márquez,7d874d48-fb68-4350-b7b0-220ee6259e90,Inactivo
Música,2021,6,9,Sogamoso,-72.924355,5.723976,Sugamuxi,f5187012-357a-4a4b-8677-e79491283ee9,Inactivo
Danza,2021,1.67,9,Paipa,-73.11782,5.779894,Tundama,1395ef18-e3f2-4dd4-88f1-8f6a746c799b,Inactivo
Música,2021,4,9,Sogamoso,-72.924355,5.723976,Sugamuxi,1729bf2c-0e4f-4b7d-84ff-6b3ad0277ff7,Inactivo
Danza,2021,10,9,Cerinza,-72.947918,5.955939,Tundama,411eaf19-2ccc-42cc-8a10-f97cbc7d4dfd,Inactivo
Música,2021,7,9,Tunja,-73.355539,5.53988,Centro,b6880d33-d74a-4b55-9ecb-2d045c1b8dde,Inactivo
Teatro,2021,38,9,Tunja,-73.355539,5.53988,Centro,75595ec2-9d4d-4b1d-8cd1-9978337254de,Inactivo
Danza,2021,15,9,Sogamoso,-72.924355,5.723976,Sugamuxi,85362fc5-f756-4ef7-b50a-77e6c94c8018,Inactivo
Artes Plásticas,2021,3,9,Jenesano,-73.363738,5.385813,Márquez,06024d32-e4c5-424e-9bf5-9e8a5f032742,Inactivo
Música,2021,2,9,Duitama,-73.03063,5.822964,Tundama,edb312ef-9150-4cc0-b2f4-9b3826c012bb,Inactivo
Música,2021,1,9,Duitama,-73.03063,5.822964,Tundama,e7f6ced7-ed76-4c14-8ad2-4f4d11d76780,Inactivo
Música,2021,8,9,Tunja,-73.355539,5.53988,Centro,8e1cc36a-ae73-434b-9e9e-5fcb23b3eee9,Inactivo
Música,2021,8,9,Tunja,-73.355539,5.53988,Centro,9e280ec6-7bff-4dd8-bb09-b9d2fbdd62f9,Inactivo
Música,2021,30,9,Tuta,-73.230285,5.689082,Centro,0fc80611-1cea-4675-a06d-b84d6cf07c08,Inactivo
Música,2021,39,9,Chíquiza,-73.449463,5.639834,Centro,f3fefd44-f9f4-4ca1-a9a0-49942da77094,Inactivo
Música,2021,10,9,Tinjacá,-73.646847,5.579713,Ricaurte,a0e49503-e6c7-4d1e-9a9f-4e2b1b2e4550,Inactivo
Música,2021,2,9,Sogamoso,-72.924355,5.723976,Sugamuxi,4009084b-3199-415f-b92b-3d6834abd4b4,Inactivo
Música,2021,3,9,Duitama,-73.03063,5.822964,Tundama,1b7576ea-797c-4c60-85c8-25511f70ba4a,Inactivo
Música,2021,3,9,Tunja,-73.355539,5.53988,Centro,c5b1950f-b9eb-4627-9fae-a1a2eb5e1481,Inactivo
Música,2021,10,9,Tunja,-73.355539,5.53988,Centro,68a72724-e58d-45db-a86f-081fd1c293e9,Inactivo
Música,2021,3,9,Tunja,-73.355539,5.53988,Centro,0541b788-48c0-4cef-8ca1-e6971ce8bd9d,Inactivo
Teatro,2021,7,9,Oicatá,-73.308399,5.595235,Centro,61211db1-1fcd-480a-aa7e-f18293bd8317,Inactivo
Música,2021,30,9,Tunja,-73.355539,5.53988,Centro,f2910637-440f-4907-981b-c314b0c46ef8,Inactivo
Teatro,2021,6,9,Duitama,-73.03063,5.822964,Tundama,11f8684c-d784-4e63-8033-1fd12ab5b0d9,Inactivo
Teatro,2021,5,9,Tunja,-73.355539,5.53988,Centro,d087df90-67bc-4e73-a8fc-62329f1b240b,Inactivo
Música,2021,0.42,9,Monguí,-72.849292,5.723486,Sugamuxi,8f87d155-df9d-4db3-a5e1-cd2ae74b5ba7,Inactivo
Música,2021,12,10,Tinjacá,-73.646847,5.579713,Ricaurte,43b40364-f9a7-43ed-ae77-21d841f4c31c,Inactivo
Música,2021,3,10,Tunja,-73.355539,5.53988,Centro,7000ec8c-47ad-4b89-b498-ef40018498c9,Inactivo
Cinematográfia y Medios Audiovisuales,2021,3,10,Ráquira,-73.632543,5.539136,Ricaurte,4f8a6f5c-009f-4820-acfa-8fdb2e24d70d,Inactivo
Teatro,2021,5,10,Duitama,-73.03063,5.822964,Tundama,9105d131-79bc-412c-b261-1fb1324e8fb9,Inactivo
Cinematográfia y Medios Audiovisuales,2021,2,10,Duitama,-73.03063,5.822964,Tundama,61a6377b-706a-40d2-ac88-c216e3ced284,Inactivo
Música,2021,9,10,Duitama,-73.03063,5.822964,Tundama,4095be7a-15b6-4927-8256-7fe058a3c340,Inactivo
Música,2021,9,10,Chiquinquirá,-73.818745,5.61379,Occidente,040afbbb-3351-4049-bcfe-77586e91eeaa,Inactivo
Cinematográfia y Medios Audiovisuales,2021,5,10,Duitama,-73.03063,5.822964,Tundama,0b36f5ef-80ab-4649-88b4-f7094cdc5fd7,Inactivo
Música,2021,5,10,Tunja,-73.355539,5.53988,Centro,d990878e-dfa0-4607-bd42-eeb4b37608da,Inactivo
Música,2021,12,10,Tunja,-73.355539,5.53988,Centro,78d8874e-3b03-4486-a46d-82dbd7890ab8,Inactivo
Música,2021,4,10,Duitama,-73.03063,5.822964,Tundama,335f5f38-6d12-498e-94c3-9461efe79b6c,Inactivo
Literatura,2021,4,10,Sogamoso,-72.924355,5.723976,Sugamuxi,2601b428-88af-4a58-b3f3-62ab873d51f3,Inactivo
Música,2021,10,10,Duitama,-73.03063,5.822964,Tundama,b95be273-2f25-4fd4-aa98-4f6b38579cd1,Inactivo
Música,2021,18,10,Sogamoso,-72.924355,5.723976,Sugamuxi,52523e84-4103-47e1-8431-6613d61c71cf,Inactivo
Danza,2021,12,10,Soatá,-72.684051,6.331945,Norte,d42c06a9-5cde-4d78-8112-411c4cfb96ef,Inactivo
Danza,2021,5,10,Sogamoso,-72.924355,5.723976,Sugamuxi,279c526d-4e0f-474b-a9a4-457b719b0712,Inactivo
Música,2021,23,10,Sogamoso,-72.924355,5.723976,Sugamuxi,7531dabd-6139-4126-aaca-822005ca53dc,Inactivo
Música,2021,4,10,Duitama,-73.03063,5.822964,Tundama,d619f38f-8190-4ee8-940a-f7d47beb00ab,Inactivo
Música,2021,4,10,Duitama,-73.03063,5.822964,Tundama,3bea7746-d848-49f1-b6a2-6a630e51b50f,Inactivo
Otro,2021,2,10,Duitama,-73.03063,5.822964,Tundama,65687019-461a-4f56-8d53-4b0a34d0936f,Inactivo
Música,2021,35,10,Tunja,-73.355539,5.53988,Centro,b6cf5d87-f598-4002-9538-72d4744c5c27,Inactivo
Música,2021,2,10,Sogamoso,-72.924355,5.723976,Sugamuxi,0822de60-b8bf-4ba3-8c11-d02eb82a82bf,Inactivo
Música,2021,6,10,Duitama,-73.03063,5.822964,Tundama,afb1c364-a1f2-4eac-a0ff-2908bd7e3a7f,Inactivo
Música,2021,20,10,Duitama,-73.03063,5.822964,Tundama,dc101536-05e7-40d2-9936-8bd8dc166bcf,Inactivo
Teatro,2021,5,10,Boyacá,-73.361945,5.454578,Márquez,8d30f059-a1b7-4578-94db-a34eb2516b5b,Inactivo
Música,2021,5,10,Tunja,-73.355539,5.53988,Centro,04a1ab78-c86c-4d5a-90b0-6d790a2f0c00,Inactivo
Otro,2021,11,10,Duitama,-73.03063,5.822964,Tundama,5984c90b-a8f8-4217-8f02-08225d27c5b1,Inactivo
Música,2021,4,10,Duitama,-73.03063,5.822964,Tundama,7c4109b0-1fe5-4e06-a9fd-55e0a2608376,Inactivo
Música,2021,6,10,Tunja,-73.355539,5.53988,Centro,b726b5c4-c44d-4754-83d4-db95257cda0a,Inactivo
Música,2021,5,10,Tunja,-73.355539,5.53988,Centro,32d0c941-d976-4f08-b9cf-16ea91d50c7d,Inactivo
Música,2021,4,10,Duitama,-73.03063,5.822964,Tundama,8b5ebf23-b6bf-4ded-9a7c-260afabb5a0b,Inactivo
Artes Plásticas,2021,10,10,Tunja,-73.355539,5.53988,Centro,8f3d7572-003a-4331-ba2a-30170f3c6051,Inactivo
Teatro,2021,20,10,Tunja,-73.355539,5.53988,Centro,765461c1-20e6-4917-958c-bf47548c5669,Inactivo
Música,2021,4,10,Duitama,-73.03063,5.822964,Tundama,f74f7003-22d2-4eca-8403-103b30fdbba9,Inactivo
Música,2021,6,10,Tunja,-73.355539,5.53988,Centro,a5da164c-2805-445b-b7b4-060dc32530b8,Inactivo
Música,2021,4,10,Duitama,-73.03063,5.822964,Tundama,06005f22-7a23-44b0-890a-547fc0645581,Inactivo
Música,2021,5,10,Sogamoso,-72.924355,5.723976,Sugamuxi,4a1cb06d-1a05-40ea-aea3-3705b5b56041,Inactivo
Música,2021,5,10,Tunja,-73.355539,5.53988,Centro,8a4a4f9b-7f6b-4969-b8b9-ac4d2e60c648,Inactivo
Otro,2021,1,10,Tunja,-73.355539,5.53988,Centro,9eea5424-4f73-4780-8df4-a53315963fb4,Inactivo
Danza,2021,4,10,Tunja,-73.355539,5.53988,Centro,f9271b52-0034-429c-ba4f-a35279650a46,Inactivo
Música,2021,18,10,Boyacá,-73.361945,5.454578,Márquez,1817a687-d793-48e2-af90-b61254ccdb54,Inactivo
Música,2021,16,10,Tunja,-73.355539,5.53988,Centro,281274c9-4a2b-4a76-bbb4-40fe1a1a8599,Inactivo
Literatura,2021,16,10,Sogamoso,-72.924355,5.723976,Sugamuxi,836efadc-8091-4da4-bbda-27da16a4546d,Inactivo
Música,2021,10,10,Chiquinquirá,-73.818745,5.61379,Occidente,93ccb170-eb81-49f6-8f82-27bf63e6b31e,Inactivo
Música,2021,15,10,Tunja,-73.355539,5.53988,Centro,8f8a7a15-600f-4c2a-990c-9f30f6dcd2a2,Inactivo
Danza,2021,6,10,Paz De Río,-72.749137,5.987645,Valderrama,63908e03-34e9-434d-9203-e5b4dca33ef4,Inactivo
Otro,2021,5,10,Duitama,-73.03063,5.822964,Tundama,075f0517-a6af-4fa5-b092-1d7e68e420c8,Inactivo
Música,2021,25,10,Chiquinquirá,-73.818745,5.61379,Occidente,31aa7ff6-158d-4536-9321-0ec590fb84bb,Inactivo
Teatro,2021,1,10,Coper,-74.045636,5.475074,Occidente,25fb18a3-2597-4e46-976a-a6ec308be57e,Inactivo
Música,2021,30,10,Duitama,-73.03063,5.822964,Tundama,f7cbb12c-8a09-4d0e-8ddb-cbe1b36a32ad,Inactivo
Danza,2021,1,10,Paipa,-73.11782,5.779894,Tundama,620fc1f8-5f05-4020-a394-90da3f0466e3,Inactivo
Literatura,2021,2,10,Sogamoso,-72.924355,5.723976,Sugamuxi,34de72c9-d687-4eff-a80d-7899402412fc,Inactivo
Música,2021,14,10,Sogamoso,-72.924355,5.723976,Sugamuxi,302077f5-cb6c-407e-a8ac-344bd74614f3,Inactivo
Música,2021,4,10,Boyacá,-73.361945,5.454578,Márquez,eff01752-e2cb-4a6d-8bbe-8719e6ae6689,Inactivo
Literatura,2021,9,10,Tunja,-73.355539,5.53988,Centro,77ab0263-839d-437e-9f52-fb678b4f8817,Inactivo
Música,2021,9,10,Tunja,-73.355539,5.53988,Centro,f256ce42-a849-4bcb-ad60-6fa295295aab,Inactivo
Música,2021,9,10,Tunja,-73.355539,5.53988,Centro,4e8d5958-59ff-4506-b11f-3cf233827684,Inactivo
Danza,2021,8,10,Sogamoso,-72.924355,5.723976,Sugamuxi,df152d29-b5b9-4c43-8742-30b98617edde,Inactivo
Música,2021,7,10,Tunja,-73.355539,5.53988,Centro,839fb872-79af-46a9-85f2-5ae6e907217c,Inactivo
Teatro,2021,3,10,Sogamoso,-72.924355,5.723976,Sugamuxi,677e23ac-f26d-4bcf-8145-35a25fb45e16,Inactivo
Danza,2021,15,10,Sogamoso,-72.924355,5.723976,Sugamuxi,b3c92e3c-726f-4c9b-86a2-f7c1d069fdd2,Inactivo
Danza,2021,6,10,Paz De Río,-72.749137,5.987645,Valderrama,a9368ea6-0d51-435a-82a4-243c34adf839,Inactivo
Música,2021,6,10,Tunja,-73.355539,5.53988,Centro,a170ddcc-a99f-4306-a272-cffc758c67cd,Inactivo
Música,2021,1,10,Sogamoso,-72.924355,5.723976,Sugamuxi,dd7a5c6d-b288-4a95-a22d-4c7c5d68d5de,Inactivo
Teatro,2021,2,10,Duitama,-73.03063,5.822964,Tundama,920fbb33-1d9f-44c4-a532-3d1e3cda8591,Inactivo
Música,2021,20,10,Sativanorte,-72.708458,6.131132,Norte,ded9c3e9-764c-4592-b807-70e8f82dfb80,Inactivo
Música,2021,4,10,Tunja,-73.355539,5.53988,Centro,1598edaa-d9ce-46c7-b449-ce3c2c2846dc,Inactivo
Música,2021,5,10,Tunja,-73.355539,5.53988,Centro,49bd125c-b978-49b9-a64c-af6138736e7a,Inactivo
Danza,2021,15,10,Tunja,-73.355539,5.53988,Centro,c9c4c180-6068-446c-899b-226f50a4d7f1,Inactivo
Artes Plásticas,2021,10,10,Tunja,-73.355539,5.53988,Centro,d0ffd8ad-cff3-465e-b1a0-87242bb4581c,Inactivo
Música,2021,8,10,Villa De Leyva,-73.524948,5.632455,Ricaurte,b318b33f-6b7a-4be7-837c-a93e8c27adec,Inactivo
Teatro,2021,4,10,Sogamoso,-72.924355,5.723976,Sugamuxi,2cddce24-043a-4835-997a-197ae7fba2bf,Inactivo
Teatro,2021,5,10,Duitama,-73.03063,5.822964,Tundama,185fe2a0-397d-4043-b14c-94866e1b9a8b,Inactivo
Música,2021,4,10,Chivatá,-73.282529,5.558949,Centro,c34657a5-0b59-4959-a128-5739ff0899b2,Inactivo
Teatro,2021,12,10,Tunja,-73.355539,5.53988,Centro,667e203f-a5b2-4bfd-a310-ca9ddc542887,Inactivo
Música,2021,6,10,Tunja,-73.355539,5.53988,Centro,7a1f04ba-7552-48e0-9ee6-eb0559b9c055,Inactivo
Música,2021,8,10,Tunja,-73.355539,5.53988,Centro,4837e490-5feb-47f5-aae6-c704a98072a9,Inactivo
Música,2021,20,10,Nobsa,-72.937042,5.768046,Sugamuxi,9149a62a-020a-4796-8be0-a7b73d39f6e8,Inactivo
Artes Plásticas,2021,4,10,Tunja,-73.355539,5.53988,Centro,c87e53bb-db3d-4461-8d16-b93f0525c6c0,Inactivo
Otro,2021,17,11,Sogamoso,-72.924355,5.723976,Sugamuxi,8380ec44-8b27-43ec-bb4b-c498cd7829b4,Inactivo
Otro,2021,12,12,Duitama,-73.03063,5.822964,Tundama,ac099592-1097-49bb-85e4-f1d77f38ab0e,Inactivo
Literatura,2022,2,4,Zetaquira,-73.17098,5.283443,Lengupá,5f92d242-4f5c-4bae-aa1a-0174f4852576,Inactivo
Teatro,2022,5,4,Zetaquira,-73.17098,5.283443,Lengupá,95524530-b1df-492f-9fb6-b1217165ce0f,Inactivo
Danza,2022,5,5,Paya,-72.423775,5.625699,La Libertad,42b49a69-0d9c-41a9-89f1-9343d2ccccf2,Inactivo
Otro,2022,13,5,Guayatá,-73.489698,4.967122,Oriente,cdfcf741-e241-4224-977c-74a42e3e8086,Inactivo
Literatura,2022,18,5,Guayatá,-73.489698,4.967122,Oriente,ae4299d3-3e6c-4a8c-bb7f-3ca2d6b1cbf7,Inactivo
Danza,2022,4,6,Puerto Boyacá,-74.587782,5.976646,Puerto Boyacá,ea596aba-6a37-49e0-b2f1-b2dff1c11eb2,Inactivo
Danza,2022,15,6,Guayatá,-73.489698,4.967122,Oriente,40ad6878-70b2-4b8f-903f-a97263a31074,Inactivo
Literatura,2022,18,6,Guayatá,-73.489698,4.967122,Oriente,f4f6f146-eec6-44a7-be58-9abf1bbfc0a5,Inactivo
Danza,2022,5,7,Socha,-72.691963,5.996717,Valderrama,b39f4774-e1dc-4943-a7f3-4a03ca8fa8d7,Inactivo
Danza,2022,27,7,El Cocuy,-72.444537,6.407738,Gutiérrez,8a63545d-274d-4b04-a044-b0e355634b59,Inactivo
Música,2022,8,8,Cuítiva,-72.965923,5.580367,Sugamuxi,127aa8b0-c11a-4e6a-aced-504575589315,Inactivo
Otro,2022,18,8,Tunja,-73.355539,5.53988,Centro,0637cac9-64a5-4698-8157-67ef88132d42,Inactivo
Teatro,2022,40,9,Tunja,-73.355539,5.53988,Centro,adb61baa-f8de-4894-9f5b-23c983525b3f,Inactivo
Música,2022,8,9,Tunja,-73.355539,5.53988,Centro,d19225eb-4896-417c-be93-8f18f934fb99,Inactivo
Música,2022,3,9,Tunja,-73.355539,5.53988,Centro,5755b49a-3527-402e-a415-7403242e85bb,Inactivo
Danza,2022,15,9,Jericó,-72.571122,6.145735,Valderrama,7a53e63c-c148-47fe-a9a6-2aea21e7f456,Inactivo
Música,2022,15,9,Jericó,-72.571122,6.145735,Valderrama,578dcadc-d5ad-44e2-94d5-442b058839ba,Inactivo
Literatura,2022,10,9,Jericó,-72.571122,6.145735,Valderrama,c8213b6e-0101-49d2-9e1a-7773720ecbeb,Inactivo
Danza,2022,25,10,El Cocuy,-72.444537,6.407738,Gutiérrez,dcd9ee59-66a9-4e3b-b59f-beda22fe386a,Inactivo
Música,2022,1,10,El Cocuy,-72.444537,6.407738,Gutiérrez,4713ac26-eb38-4784-af56-44f8b05a4a24,Inactivo
Música,2022,5,10,Mongua,-72.79809,5.754242,Sugamuxi,a0b2a080-a5e4-4ec2-8f5b-bba2693e820c,Inactivo
Música,2022,1,12,Tópaga,-72.832245,5.768201,Sugamuxi,2b6cf10e-58ba-404d-8dab-e2df85d9d6be,Inactivo
Música,2023,8,6,Duitama,-73.03063,5.822964,Tundama,ba815cfc-e9ee-4894-b468-ae8571166c93,Inactivo
Teatro,2023,5,6,Tunja,-73.355539,5.53988,Centro,0b58bc8d-6711-464e-8847-3d96a568b4c3,Inactivo
Música,2023,25,6,Sogamoso,-72.924355,5.723976,Sugamuxi,6697b945-4b12-4d77-97c6-879b2c00049c,Inactivo
Danza,2023,59,7,Tunja,-73.355539,5.53988,Centro,63b58066-428a-41fe-b0b5-be50c5c5db90,Inactivo
Música,2023,10,7,Tinjacá,-73.646847,5.579713,Ricaurte,23c9639e-a794-46b5-8549-8eea6eacbc7d,Inactivo
Danza,2023,12,8,Tunja,-73.355539,5.53988,Centro,d1e41d84-f5af-47a8-95f7-2147869f30ce,Inactivo
Artes Plásticas,2023,20,9,Sogamoso,-72.924355,5.723976,Sugamuxi,e4cb26fc-fb35-4c8f-9588-2d7eb538e0e3,Inactivo
Música,2023,0.67,9,Sogamoso,-72.924355,5.723976,Sugamuxi,95639a53-1ec8-43d7-8e34-3f4d2187b388,Inactivo
Danza,2024,6,5,Puerto Boyacá,-74.587782,5.976646,Puerto Boyacá,eead9e10-fdcc-44d6-b564-0fed3aeab230,Inactivo
Música,2024,15,6,Sogamoso,-72.924355,5.723976,Sugamuxi,40e97ba8-a508-4b04-8c2a-e7197260020d,Inactivo
Música,2024,12,6,Sogamoso,-72.924355,5.723976,Sugamuxi,65417d47-b2c4-4b58-bea8-05bd4e91721a,Inactivo
Teatro,2024,12,7,Tunja,-73.355539,5.53988,Centro,6d1ca587-1748-40e5-8bd1-9b8786239349,Inactivo
Teatro,2024,30,7,Tunja,-73.355539,5.53988,Centro,ac9dfff7-82b8-4ae7-90ae-bf0ecdeed426,Inactivo
Música,2024,5,7,Tunja,-73.355539,5.53988,Centro,3edc1b4c-18eb-4970-8592-5014f25fde9c,Inactivo
Otro,2024,7,7,Sogamoso,-72.924355,5.723976,Sugamuxi,a1a15514-dfd8-41ca-8195-adef9627758a,Inactivo
Danza,2024,15,7,Tunja,-73.355539,5.53988,Centro,bcb5e62f-fe49-4507-84ef-c80a575d1250,Inactivo
Música,2024,7,8,Villa De Leyva,-73.524948,5.632455,Ricaurte,700068d9-4b08-486a-895b-780a09e46581,Inactivo
Música,2024,17,8,Sogamoso,-72.924355,5.723976,Sugamuxi,835eeb81-39e7-420c-8c2f-46da61cbd657,Inactivo
Música,2024,7,8,Sogamoso,-72.924355,5.723976,Sugamuxi,4a1b497d-743b-4564-8897-2622bfba5665,Inactivo
Música,2024,13,8,Duitama,-73.03063,5.822964,Tundama,d06aacf6-1920-4727-8a83-0201e2b49766,Inactivo
Música,2024,10,8,Nobsa,-72.937042,5.768046,Sugamuxi,94f14281-80f2-4cba-82f5-8e7d0b518ff1,Inactivo
Música,2024,18,12,Tunja,-73.355539,5.53988,Centro,e4155c15-f114-4a9a-b4c3-513c5e891a52,Inactivo
Teatro,2026,14,1,Tunja,-73.355539,5.53988,Centro,ece2b9b1-920d-47da-a6f9-a8b075921544,Activo
